artist_name,song_name
Deep Dish,Fuck Me Im Famous (Pacha Ibiza)-09-28-2007
Underworld,"Boy, Boy, Boy (Switch Remix)"
Underworld,Crocodile (Innervisions Orchestra Mix)
Ennio Morricone,Ninna Nanna In Blu (Raw Deal Remix)
Minus 8,Elysian Fields
Beanfield,Planetary Deadlock
Dj Linus,Good Morning Love Coffee Is Ready
Alif Tree,Deadly Species
Minus 8,Cold Fusion
Wei-Chi,Clouds
Marsmobil,Sovatex 2055
Karma,Beach Towel
Masomenos,Eight
Masomenos,Seven
Masomenos,Six
Masomenos,Five
Masomenos,Four
Masomenos,Three
Masomenos,Two
The Young Lovers,How Lonely Does It Get
The Young Lovers,You Make Me Dizzy
Minilogue,Animals (Beat Pharmacy ' Into The Wild Dub Remix)
Minilogue,Animals (Tolga Fidan Remix)
Minilogue,Animals (Luciano Remix)
4Hero,The Awakening
4Hero,Stoke Up The Fire
4Hero,Something In The Way
4Hero,Play With The Changes
4Hero,Give In
4Hero,Sink Or Swim
4Hero,Look Inside
4Hero,Morning Child
4Hero,Take My Time
4Hero,Morning Child
Pc Synergy,Ready 2 Wear
Rithma,Map Point Baby (The Hue Remix)
Lisa Shaw,Inside My Love (Extended Mix)
Rocket Empire,Simmer Down Jammie
Samantha James,Amber Sky
Gelka,Rasta Baby
Gelka,Rasta Baby
Marc Mac,Backspin
Marc Mac,Jazz Flares
Marc Mac,Freeze
Marc Mac,Footwork
Marc Mac,Backspin
Marc Mac,Jazz Flares
Marc Mac,Freeze
Marc Mac,Footwork
Marc Mac,Backspin
Marc Mac,Jazz Flares
Marc Mac,Freeze
Marc Mac,Footwork
Marc Mac,Backspin
Marc Mac,Jazz Flares
Marc Mac,Freeze
Marc Mac,Footwork
Marc Mac,Backspin
Minilogue,Animals (Luciano Remix)
Minilogue,Animals (Luciano Remix)
Minilogue,Animals (Luciano Remix)
Clark,Growls Garden
Losoul,The Crush
Karma,Are We? (Feat. Michelle Amador)
Lisa Shaw,Inside My Love (Extended Mix)
Rocket Empire,Simmer Down Jammie
Samantha James,Amber Sky
Gelka,Rasta Baby
Marc Mac,Headspin
Marc Mac,Jazz Flares
Marc Mac,Freeze
Marc Mac,Footwork
Marc Mac,Backspin
Lisa Shaw,Inside My Love (Extended Mix)
Rocket Empire,Simmer Down Jammie
Samantha James,Amber Sky
Gelka,Rasta Baby
Rithma,(The Only) Dark In The Light (Steve Sampling Mix)
Impossible Beings,Dois Pólos
Nicken,Lifeb
Bombay Bicycle Club,You Already Know (Feat. Kathryn Williams)
Woolfy Vs. Projections,Carry On
Ivan Enot,Grooves Of The Heart
J. Boogie'S Dubtronic Science,Leave It All Behind (Feat. The Rebirth & Aima The Dreamer)
Home & Garden,Someday (Feat. Lisa Shaw)
Kissey Asplund,Move Me [Feat. Soliloquy]
Pc Synergy,Ready 2 Wear
Rithma,Map Point Baby (The Hue Remix)
Lisa Shaw,Inside My Love (Extended Mix)
Rocket Empire,Simmer Down Jammie
Samantha James,Amber Sky
Gelka,Rasta Baby
Rithma,(The Only) Dark In The Light (Steve Sampling Mix)
Impossible Beings,Dois Pólos
Nicken,Lifeb
Bombay Bicycle Club,You Already Know (Feat. Kathryn Williams)
Woolfy Vs. Projections,Carry On
Ivan Enot,Grooves Of The Heart
J. Boogie'S Dubtronic Science,Leave It All Behind (Feat. The Rebirth & Aima The Dreamer)
Home & Garden,Someday (Feat. Lisa Shaw)
Kissey Asplund,Move Me [Feat. Soliloquy]
Pc Synergy,Ready 2 Wear
Rithma,Map Point Baby (The Hue Remix)
Lisa Shaw,Inside My Love (Extended Mix)
Rocket Empire,Simmer Down Jammie
Samantha James,Amber Sky
Gelka,Rasta Baby
Rithma,(The Only) Dark In The Light (Steve Sampling Mix)
Impossible Beings,Dois Pólos
Nicken,Lifeb
Bombay Bicycle Club,You Already Know (Feat. Kathryn Williams)
Woolfy Vs. Projections,Carry On
Ivan Enot,Grooves Of The Heart
J. Boogie'S Dubtronic Science,Leave It All Behind (Feat. The Rebirth & Aima The Dreamer)
Home & Garden,Someday (Feat. Lisa Shaw)
Kissey Asplund,Move Me [Feat. Soliloquy]
Rithma,Map Point Baby (The Hue Remix)
Lisa Shaw,Inside My Love (Extended Mix)
Rocket Empire,Simmer Down Jammie
Samantha James,Amber Sky
Gelka,Rasta Baby
Rithma,(The Only) Dark In The Light (Steve Sampling Mix)
Impossible Beings,Dois Pólos
Nicken,Lifeb
Bombay Bicycle Club,You Already Know (Feat. Kathryn Williams)
Woolfy Vs. Projections,Carry On
Ivan Enot,Grooves Of The Heart
J. Boogie'S Dubtronic Science,Leave It All Behind (Feat. The Rebirth & Aima The Dreamer)
Home & Garden,Someday (Feat. Lisa Shaw)
Marc Mac,Freeze
Marc Mac,Footwork
Marc Mac,Backspin
Marc Mac,Jazz Flares
Marc Mac,Jazz Flares
Marc Mac,Freeze
Marc Mac,Footwork
Marc Mac,Backspin
4Hero,Take My Time
4Hero,Morning Child
4Hero,Dedication To The Horse
4Hero,Our Own Place
4Hero,Gonna Give It Up
4Hero,Bed Of Roses
4Hero,Why Don'T You Talk?
4Hero,Superwoman
4Hero,Sophia
4Hero,The Awakening
4Hero,Stoke Up The Fire
4Hero,Something In The Way
4Hero,Play With The Changes
4Hero,Give In
4Hero,Sink Or Swim
4Hero,Look Inside
4Hero,Take My Time
4Hero,Morning Child
Marc Mac,Backspin
Marc Mac,Headspin
Marc Mac,Jazz Flares
Marc Mac,Freeze
Marc Mac,Footwork
Marc Mac,Backspin
Losoul,Up The Beach
Losoul,The Crush
Sneaky Sound System,I Just Don'T Want To Be Loved
Sneaky Sound System,When We Were Young
Sneaky Sound System,Kansas City
Sneaky Sound System,It'S Not My Problem
Sneaky Sound System,16
Sneaky Sound System,Ufo [Spike Stent Full Length]/Spike Stent Full Length
Sneaky Sound System,I Want Everything
Sneaky Sound System,Don'T Get You
Sneaky Sound System,Lost In The Future
Sneaky Sound System,I Just Don'T Want To Be Loved
Sneaky Sound System,When We Were Young
Sneaky Sound System,Kansas City
Sneaky Sound System,It'S Not My Problem
Sneaky Sound System,16
Sneaky Sound System,Ufo [Spike Stent Full Length]/Spike Stent Full Length
Sneaky Sound System,Pictures [Radio Edit]/Radio Edit
Sneaky Sound System,It'S Not My Problem
Sneaky Sound System,16
Sneaky Sound System,When We Were Young
Sneaky Sound System,Kansas City
Sneaky Sound System,It'S Not My Problem
Sneaky Sound System,16
Sneaky Sound System,Ufo [Spike Stent Full Length]/Spike Stent Full Length
Sneaky Sound System,Pictures [Radio Edit]/Radio Edit
Sneaky Sound System,I Love It [Full Version]/Full Version
Losoul,Slightly
Ennio Morricone,Amore Come Dolore (Needs Remix)
Felix Laband,Miss Teardrop
Ennio Morricone,Ninna Nanna In Blu (Raw Deal Remix)
Minus 8,Elysian Fields
Beanfield,Planetary Deadlock
Dj Linus,Good Morning Love Coffee Is Ready
Alif Tree,Deadly Species
Minus 8,Cold Fusion
Wei-Chi,Clouds
Marsmobil,Sovatex 2055
Karma,Beach Towel
Kyoto Jazz Massive,The Dawn Introduction (Feat. Vanessa Freeman)
Alif Tree,I Feel Blue
Karma,Are We? (Feat. Michelle Amador)
Losoul,Slightly
Losoul,The Lords Of Sanity
Losoul,Up The Beach
Losoul,The Crush
Losoul,Slightly
Losoul,Btw
Losoul,To Last
Losoul,Deuce
Losoul,Gridlock
Losoul,Sunlite
Losoul,Vacuum Stance
Losoul,The Lords Of Sanity
Losoul,Up The Beach
Losoul,The Crush
Losoul,Slightly
The Young Lovers,You Make Me Dizzy
The Young Lovers,You Make Me Dizzy
The Young Lovers,This Is What It'S All About
The Young Lovers,You Got The Down South
The Young Lovers,Midnight To Morning
Young Lovers,Shake Off The Ghosts
The Young Lovers,Midnight To Morning
The Young Lovers,Last Goodbye
The Young Lovers,Love You Madly
The Young Lovers,Last Goodbye
The Young Lovers,Love You Madly
The Young Lovers,She'S A Phoenix
The Young Lovers,Free
The Young Lovers,She'S A Phoenix
The Young Lovers,Free
The Young Lovers,Low Down
The Young Lovers,Booty Bella
The Young Lovers,Low Down
The Young Lovers,Booty Bella
The Young Lovers,How Lonely Does It Get
The Young Lovers,How Lonely Does It Get
The Young Lovers,You Make Me Dizzy
Beanfield,Planetary Deadlock
Dj Linus,Good Morning Love Coffee Is Ready
Alif Tree,Deadly Species
Minus 8,Cold Fusion
Wei-Chi,Clouds
Marsmobil,Sovatex 2055
Karma,Beach Towel
Kyoto Jazz Massive,The Dawn Introduction (Feat. Vanessa Freeman)
Alif Tree,I Feel Blue
Karma,Are We? (Feat. Michelle Amador)
Karma,Requiem / All & Everything In Between
Felix Laband,Minka
Ennio Morricone,Amore Come Dolore (Needs Remix)
Felix Laband,Miss Teardrop
Ennio Morricone,Ninna Nanna In Blu (Raw Deal Remix)
Minus 8,Elysian Fields
Beanfield,Planetary Deadlock
Dj Linus,Good Morning Love Coffee Is Ready
Alif Tree,Deadly Species
Minus 8,Cold Fusion
Wei-Chi,Clouds
Marsmobil,Sovatex 2055
Karma,Beach Towel
Kyoto Jazz Massive,The Dawn Introduction (Feat. Vanessa Freeman)
Alif Tree,I Feel Blue
Karma,Are We? (Feat. Michelle Amador)
Felix Laband,Minka
Ennio Morricone,Amore Come Dolore (Needs Remix)
Felix Laband,Miss Teardrop
Ennio Morricone,Ninna Nanna In Blu (Raw Deal Remix)
Minus 8,Elysian Fields
Beanfield,Planetary Deadlock
Alif Tree,Deadly Species
Minus 8,Cold Fusion
Karma,Beach Towel
Agustin Pereyra Lucena,Bossa Cuasi Nova
Agustin Pereyra Lucena,Verbo Amar
Karma,Beach Towel
Kyoto Jazz Massive,The Dawn Introduction (Feat. Vanessa Freeman)
Alif Tree,I Feel Blue
Karma,Are We? (Feat. Michelle Amador)
Sneaky Sound System,Kansas City
Sneaky Sound System,It'S Not My Problem
Sneaky Sound System,16
Sneaky Sound System,Ufo [Spike Stent Full Length]/Spike Stent Full Length
Sneaky Sound System,Pictures [Radio Edit]/Radio Edit
Sneaky Sound System,I Love It [Full Version]/Full Version
Bugge Wesseltoft,Gare Du Nord
Bugge Wesseltoft,Change
Bugge Wesseltoft,Existence (Edit)
Bugge Wesseltoft,(All I Wanted Was To Make You) Feel Good
Bugge Wesseltoft,Many Rivers To Cross
Bugge Wesseltoft,Hands
Bugge Wesseltoft,Rytme
Bugge Wesseltoft,"Talking To Myself, Part Two"
Bugge Wesseltoft,"Talking To Myself, Part One"
Bugge Wesseltoft,Take 5
Bugge Wesseltoft,Singing
Bugge Wesseltoft,Dreaming
Bugge Wesseltoft,Playing
Designed People,Breaking News
Designed People,Melo Feat. Pudgee
Designed People,Radio 808 Mars
Designed People,Breathe Feat. Monday Michiru
Designed People,Traffic Information
Designed People,My Favorite Things Feat. Mutsuko Kawamoto
Designed People,W.I.O Feat. Dub Rock Allstars (Light And Mr. Man From The Bush Babees)
Designed People,City Lights Feat Adriana Evans
Designed People,Intro
Fleet Foxes,Blue Ridge Mountains
Fleet Foxes,Meadowlarks
Fleet Foxes,Your Protector
Fleet Foxes,Heard Them Stirring
Fleet Foxes,He Doesn'T Know Why
The Young Lovers,Love You Madly
The Young Lovers,She'S A Phoenix
The Young Lovers,Free
The Young Lovers,Low Down
The Young Lovers,Booty Bella
The Young Lovers,How Lonely Does It Get
The Young Lovers,You Make Me Dizzy
The Young Lovers,This Is What It'S All About
The Young Lovers,You Got The Down South
Young Lovers,Shake Off The Ghosts
The Young Lovers,Midnight To Morning
The Young Lovers,Last Goodbye
The Young Lovers,Love You Madly
The Young Lovers,She'S A Phoenix
The Young Lovers,Free
The Young Lovers,Low Down
The Young Lovers,Booty Bella
The Young Lovers,How Lonely Does It Get
The Young Lovers,You Make Me Dizzy
The Young Lovers,This Is What It'S All About
The Young Lovers,You Got The Down South
Young Lovers,Shake Off The Ghosts
The Young Lovers,Midnight To Morning
The Young Lovers,Last Goodbye
The Young Lovers,Love You Madly
The Young Lovers,She'S A Phoenix
The Young Lovers,Booty Bella
The Young Lovers,How Lonely Does It Get
The Young Lovers,You Make Me Dizzy
The Young Lovers,How Lonely Does It Get
The Young Lovers,You Make Me Dizzy
Designed People,Traffic Information
Designed People,My Favorite Things Feat. Mutsuko Kawamoto
Designed People,Melo Feat. Pudgee
Designed People,Radio 808 Mars
Designed People,Breathe Feat. Monday Michiru
Designed People,Traffic Information
Designed People,My Favorite Things Feat. Mutsuko Kawamoto
Designed People,City Lights Feat Adriana Evans
Designed People,Intro
Designed People,Outro
Designed People,Best Of Me  Feat. Spectac
Designed People,Weather Report
Designed People,Beautiful World  Feat. Mutsuko Kawamoto
Designed People,Radio 808 Earth
Designed People,Let'S B Free
Designed People,Breaking News
Designed People,Melo Feat. Pudgee
Designed People,Radio 808 Mars
Designed People,Breathe Feat. Monday Michiru
Designed People,Traffic Information
Designed People,My Favorite Things Feat. Mutsuko Kawamoto
Designed People,Intro
The Young Lovers,You Make Me Dizzy
The Young Lovers,How Lonely Does It Get
Sneaky Sound System,I Love It [Full Version]/Full Version
Sneaky Sound System,I Just Don'T Want To Be Loved
Sneaky Sound System,When We Were Young
Sneaky Sound System,16
Sneaky Sound System,Ufo [Spike Stent Full Length]/Spike Stent Full Length
Sneaky Sound System,Pictures [Radio Edit]/Radio Edit
Sneaky Sound System,I Love It [Full Version]/Full Version
Designed People,Breaking News
Designed People,Melo Feat. Pudgee
Designed People,Radio 808 Mars
Designed People,Breathe Feat. Monday Michiru
Designed People,Traffic Information
Designed People,My Favorite Things Feat. Mutsuko Kawamoto
Designed People,W.I.O Feat. Dub Rock Allstars (Light And Mr. Man From The Bush Babees)
Designed People,City Lights Feat Adriana Evans
Designed People,Intro
Sneaky Sound System,It'S Not My Problem
Sneaky Sound System,16
Sneaky Sound System,Ufo [Spike Stent Full Length]/Spike Stent Full Length
Sneaky Sound System,Pictures [Radio Edit]/Radio Edit
Sneaky Sound System,I Love It [Full Version]/Full Version
Sneaky Sound System,Where Do I Begin?
Sneaky Sound System,I Want Everything
Sneaky Sound System,Don'T Get You
Sneaky Sound System,Lost In The Future
Sneaky Sound System,I Just Don'T Want To Be Loved
Sneaky Sound System,When We Were Young
Sneaky Sound System,Kansas City
Sneaky Sound System,It'S Not My Problem
Sneaky Sound System,16
Sneaky Sound System,Ufo [Spike Stent Full Length]/Spike Stent Full Length
Sneaky Sound System,Pictures [Radio Edit]/Radio Edit
Sneaky Sound System,I Love It [Full Version]/Full Version
Designed People,Let'S B Free
Designed People,Breaking News
Designed People,Melo Feat. Pudgee
Designed People,Radio 808 Mars
Designed People,Breathe Feat. Monday Michiru
Designed People,Traffic Information
Designed People,My Favorite Things Feat. Mutsuko Kawamoto
Designed People,W.I.O Feat. Dub Rock Allstars (Light And Mr. Man From The Bush Babees)
Designed People,City Lights Feat Adriana Evans
Designed People,Intro
Designed People,Outro
Designed People,Best Of Me  Feat. Spectac
Designed People,Weather Report
Designed People,Beautiful World  Feat. Mutsuko Kawamoto
Designed People,Radio 808 Earth
Designed People,Let'S B Free
Designed People,Breaking News
Designed People,Melo Feat. Pudgee
Designed People,Radio 808 Mars
Designed People,Breathe Feat. Monday Michiru
Designed People,Traffic Information
Designed People,My Favorite Things Feat. Mutsuko Kawamoto
Designed People,W.I.O Feat. Dub Rock Allstars (Light And Mr. Man From The Bush Babees)
Designed People,City Lights Feat Adriana Evans
Designed People,Intro
Designed People,Melo Feat. Pudgee
Designed People,Radio 808 Mars
Designed People,Breathe Feat. Monday Michiru
Agustin Pereyra Lucena,Transparente
Agustin Pereyra Lucena,Picaron
Agustin Pereyra Lucena,Luna Clara
Agustin Pereyra Lucena,De Agua Y Viento
Agustin Pereyra Lucena,Pisadas En El Mar
Agustin Pereyra Lucena,Bossa Cuasi Nova
Agustin Pereyra Lucena,Verbo Amar
Lucky & Easy,Tights Wine
Lucky & Easy,"Daisy, She'S A Cowman.. Man.."
Lucky & Easy,Prime Cock Via Megathong
Lucky & Easy,Willy'S Wonka Kite Finger
Lucky & Easy,Donut Puncher
Lucky & Easy,Spin The Empty
Lucky & Easy,Super-Fanny-Tastic-Elastic
Lucky & Easy,Hairspray
Lucky & Easy,Classylassie
Lucky & Easy,Slush Puppy
Lucky & Easy,Pimp Soul Blisters
Lucky & Easy,Mother'S Pride
Lucky & Easy,Rims Pill
Lucky & Easy,Anal Chewinggum
Lucky & Easy,Tights Wine
Lucky & Easy,"Daisy, She'S A Cowman.. Man.."
Lucky & Easy,Prime Cock Via Megathong
Lucky & Easy,Willy'S Wonka Kite Finger
Lucky & Easy,Donut Puncher
Lucky & Easy,Spin The Empty
Lucky & Easy,Super-Fanny-Tastic-Elastic
Lucky & Easy,Hairspray
Lucky & Easy,Classylassie
Dorian Concept,The Fucking Formula
Dorian Concept,Mesh Beam Splitter
Us3,Keep Movin'
Us3,The Love Of My Life
Lucky & Easy,Willy'S Wonka Kite Finger
Lucky & Easy,Spin The Empty
Patchworks,I Guess You Always Knew
Patchworks,Summertime
Lucky & Easy,Slush Puppy
Lucky & Easy,Pimp Soul Blisters
Lucky & Easy,Mother'S Pride
Lucky & Easy,Rims Pill
Lucky & Easy,Anal Chewinggum
Lucky & Easy,Tights Wine
Lucky & Easy,"Daisy, She'S A Cowman.. Man.."
Lucky & Easy,Prime Cock Via Megathong
Lucky & Easy,Willy'S Wonka Kite Finger
Lucky & Easy,Donut Puncher
Lucky & Easy,Spin The Empty
Lucky & Easy,Super-Fanny-Tastic-Elastic
Lucky & Easy,Hairspray
Lucky & Easy,Classylassie
Lucky & Easy,Slush Puppy
Lucky & Easy,Pimp Soul Blisters
Lucky & Easy,Mother'S Pride
Lucky & Easy,Rims Pill
Lucky & Easy,Anal Chewinggum
Lucky & Easy,Tights Wine
Lucky & Easy,"Daisy, She'S A Cowman.. Man.."
Lucky & Easy,Prime Cock Via Megathong
Lucky & Easy,Willy'S Wonka Kite Finger
Lucky & Easy,Donut Puncher
Lucky & Easy,Spin The Empty
Lucky & Easy,Super-Fanny-Tastic-Elastic
Lucky & Easy,Hairspray
Lucky & Easy,Classylassie
Savath & Savalas,Intro
Savath & Savalas,Intro
Savath & Savalas,La A!
Savath & Savalas,Adeu
Savath & Savalas,No Despierta
Savath & Savalas,Barceloneta
Savath & Savalas,Untitled
Savath & Savalas,Me Voy
Savath & Savalas,Pajaros En Cadaques
Savath & Savalas,La Loba
Savath & Savalas,El Colleccionista
Savath & Savalas,Pavo Real
Savath & Savalas,Carajillo
Savath & Savalas,Una Cura
Savath & Savalas,Carajillo
Savath & Savalas,Las 7 Sendas
Savath & Savalas,La Llama
Savath & Savalas,Las 7 Sendas
Savath & Savalas,La Llama
Savath & Savalas,Intro
Savath & Savalas,Intro
Patchworks,I Guess You Always Knew
Patchworks,Summertime
Patchworks,I Guess You Always Knew
Patchworks,Summertime
Patchworks,Shoutsly
Patchworks,Sugar (Amp Fiddler Remix)
Patchworks,Down To The Valley
Patchworks,Sugar
Patchworks,Velvet And Dust Anthem
Patchworks,Batucamore
Patchworks,I Guess You Always Knew
Patchworks,Summertime
Patchworks,Down To The Valley
Patchworks,Sugar
Patchworks,Down To The Valley
Patchworks,Sugar
Patchworks,Batucamore
Patchworks,I Guess You Always Knew
Patchworks,Summertime
Patchworks,Velvet And Dust Anthem
Patchworks,Batucamore
Patchworks,I Guess You Always Knew
Patchworks,Summertime
Savath & Savalas,Carajillo
Savath & Savalas,Intro
Miss Kittin & The Hacker,Frank Sinatra
Miss Kittin & The Hacker,Life On Mtv
Miss Kittin & The Hacker,The Beach [Bonus Track]/Bonus Track
Miss Kittin & The Hacker,Frank Sinatra 2001
Miss Kittin & The Hacker,Walking In The Sunshine
Miss Kittin & The Hacker,Dj Song
Miss Kittin & The Hacker,Stripper
Miss Kittin & The Hacker,Nurse
Miss Kittin & The Hacker,Slow Track
Miss Kittin & The Hacker,L'Homme Dans L'Ombre
Miss Kittin & The Hacker,Flexibility
Miss Kittin & The Hacker,You And Us
Miss Kittin & The Hacker,Stock Exchange
Miss Kittin & The Hacker,1982
Miss Kittin & The Hacker,Walk On By
Miss Kittin & The Hacker,Frank Sinatra
Miss Kittin & The Hacker,Life On Mtv
Miss Kittin & The Hacker,1000 Dreams (Instrumental)
Miss Kittin & The Hacker,1000 Dreams
Miss Kittin & The Hacker,1000 Dreams [Maxime Dangles Remix]/Maxime Dangles Remix
Miss Kittin & The Hacker,1000 Dreams (Reprise)
Miss Kittin & The Hacker,Ray Ban
Miss Kittin & The Hacker,Inutile Éternité
Miss Kittin & The Hacker,Electronic City
Miss Kittin & The Hacker,Suspicious Minds
Miss Kittin & The Hacker,Emotional (Interlude)
Miss Kittin & The Hacker,Indulgence
Miss Kittin & The Hacker,Party In My Head
Miss Kittin & The Hacker,Pppo
Miss Kittin & The Hacker,The Womb
Miss Kittin & The Hacker,The Womb
Savath & Savalas,Intro
Savath & Savalas,No Despierta
Savath & Savalas,Barceloneta
Savath & Savalas,Untitled
Savath & Savalas,Me Voy
Savath & Savalas,Pajaros En Cadaques
Savath & Savalas,La Loba
Savath & Savalas,El Colleccionista
Savath & Savalas,Pavo Real
Savath & Savalas,Una Cura
Savath & Savalas,Carajillo
Savath & Savalas,Las 7 Sendas
Savath & Savalas,La Llama
Savath & Savalas,Intro
Miss Kittin & The Hacker,Pppo
Miss Kittin & The Hacker,The Womb
Karma,Beach Towel
Kyoto Jazz Massive,The Dawn Introduction (Feat. Vanessa Freeman)
Alif Tree,I Feel Blue
Karma,Are We? (Feat. Michelle Amador)
Karma,Requiem / All & Everything In Between
Felix Laband,Minka
Ennio Morricone,Amore Come Dolore (Needs Remix)
Felix Laband,Miss Teardrop
Ennio Morricone,Ninna Nanna In Blu (Raw Deal Remix)
Minus 8,Elysian Fields
Beanfield,Planetary Deadlock
Dj Linus,Good Morning Love Coffee Is Ready
Alif Tree,Deadly Species
Minus 8,Cold Fusion
Wei-Chi,Clouds
Marsmobil,Sovatex 2055
Karma,Beach Towel
Kyoto Jazz Massive,The Dawn Introduction (Feat. Vanessa Freeman)
Alif Tree,I Feel Blue
Karma,Are We? (Feat. Michelle Amador)
Miss Kittin & The Hacker,Party In My Head
Miss Kittin & The Hacker,Pppo
Fleet Foxes,Drops In The River
Fleet Foxes,Sun Giant
Fleet Foxes,Oliver James
Fleet Foxes,Blue Ridge Mountains
Fleet Foxes,Meadowlarks
Fleet Foxes,Your Protector
Fleet Foxes,Heard Them Stirring
Fleet Foxes,Heard Them Stirring
Fleet Foxes,He Doesn'T Know Why
Fleet Foxes,He Doesn'T Know Why
Fleet Foxes,Oliver James
Fleet Foxes,Blue Ridge Mountains
Fleet Foxes,Meadowlarks
Fleet Foxes,Your Protector
Fleet Foxes,Heard Them Stirring
Fleet Foxes,He Doesn'T Know Why
Fleet Foxes,Quiet Houses
Fleet Foxes,Tiger Mountain Peasant Song
Fleet Foxes,Ragged Wood
Fleet Foxes,White Winter Hymnal
Fleet Foxes,Sun It Rises
Fleet Foxes,False Knight On The Road
Fleet Foxes,Innocent Son
Fleet Foxes,Mykonos
Fleet Foxes,English House
Fleet Foxes,Drops In The River
Fleet Foxes,Sun Giant
Fleet Foxes,Oliver James
Fleet Foxes,Blue Ridge Mountains
Fleet Foxes,Meadowlarks
Fleet Foxes,Your Protector
Fleet Foxes,Heard Them Stirring
Fleet Foxes,He Doesn'T Know Why
Fleet Foxes,Quiet Houses
Fleet Foxes,Tiger Mountain Peasant Song
Fleet Foxes,Ragged Wood
Fleet Foxes,White Winter Hymnal
Fleet Foxes,Sun It Rises
Fleet Foxes,He Doesn'T Know Why
Ennio Morricone,Ninna Nanna In Blu (Raw Deal Remix)
Minus 8,Elysian Fields
Beanfield,Planetary Deadlock
Dj Linus,Good Morning Love Coffee Is Ready
Alif Tree,Deadly Species
Minus 8,Cold Fusion
Wei-Chi,Clouds
Marsmobil,Sovatex 2055
Karma,Beach Towel
Kyoto Jazz Massive,The Dawn Introduction (Feat. Vanessa Freeman)
Alif Tree,I Feel Blue
Karma,Are We? (Feat. Michelle Amador)
Karma,Requiem / All & Everything In Between
Felix Laband,Minka
Ennio Morricone,Amore Come Dolore (Needs Remix)
Felix Laband,Miss Teardrop
Ennio Morricone,Ninna Nanna In Blu (Raw Deal Remix)
Minus 8,Elysian Fields
Beanfield,Planetary Deadlock
Dj Linus,Good Morning Love Coffee Is Ready
Alif Tree,Deadly Species
The Imps,Uncle Limps (Isolee Remix)
The Imps,Almost Live But Definetly Plugged (Move D Remix)
The Imps,Get A Grip (Strategy Remix)
The Imps,Heaven And Bagpipes (Thomas Fehlmann Flowing Remix)
Dubble D,Hot!
Dubble D,Still Love You
Fleet Foxes,Mykonos
Fleet Foxes,He Doesn'T Know Why
Fleet Foxes,Your Protector
Fleet Foxes,Heard Them Stirring
Fleet Foxes,Heard Them Stirring
Fleet Foxes,He Doesn'T Know Why
Fleet Foxes,Quiet Houses
Fleet Foxes,Tiger Mountain Peasant Song
Fleet Foxes,Ragged Wood
Fleet Foxes,White Winter Hymnal
Fleet Foxes,Sun It Rises
Miss Kittin & The Hacker,Party In My Head
Miss Kittin & The Hacker,Pppo
Miss Kittin & The Hacker,The Womb
Miss Kittin & The Hacker,Life On Mtv
The Cinematic Orchestra,All That You Give
Milosh,Instrumental
Afta-1,Honey Dip
Opiate,Gm Memory
"Earth, Wind & Fire",Let Your Feelings Show
Ghislain Poirier,Blazin' (Modeselektor Remix)
Moby,Porcelain
Loco Dice,Breakfast At Nina'S (Onur Özer Remix)
Loco Dice,Tight Laces (Marcel Dettmann'S Response 1 And Response 2)
Loco Dice,Black Truffles In The Snow (Mike Huckaby'S The Jazzed Out S Y N T H Remix)
Loco Dice,Pimp Jackson Is Talkin' Now!!! (Luci Gets Loco Remix By Luciano)
Loco Dice,Pimp Jackson Is Talkin' Now!!! (Dj Sneak'S Southside Pimp Remix)
Loco Dice,How Do I Know?! (Cassy Remix)
Loco Dice,M Train To Brooklyn
Loco Dice,Pimp Jackson Is Talkin' Now!!!
Loco Dice,Got Leaks In The Roof
Loco Dice,Tight Laces
Loco Dice,La Esquina
Loco Dice,Black Truffles In The Snow
Loco Dice,Consequently Eccentric And Delicate
Loco Dice,How Do I Know?!
Ian O'Brien,The Question Of Value
Ian O'Brien,As (Part 2 Contemplation)
Ian O'Brien,Gigantic Days
Ian O'Brien,Midnight Sunshine
Ian O'Brien,Natural Knowledge
Fleet Foxes,English House
Fleet Foxes,Drops In The River
Fleet Foxes,Sun Giant
Fleet Foxes,Oliver James
Fleet Foxes,Blue Ridge Mountains
Fleet Foxes,Meadowlarks
Fleet Foxes,Your Protector
Fleet Foxes,Heard Them Stirring
Fleet Foxes,He Doesn'T Know Why
Fleet Foxes,Quiet Houses
Fleet Foxes,Tiger Mountain Peasant Song
Fleet Foxes,Ragged Wood
Fleet Foxes,White Winter Hymnal
Fleet Foxes,Sun It Rises
Miss Kittin & The Hacker,Party In My Head
Miss Kittin & The Hacker,Pppo
Miss Kittin & The Hacker,The Womb
Loco Dice,Pimp Jackson Is Talkin' Now!!! (Dj Sneak'S Southside Pimp Remix)
Loco Dice,How Do I Know?! (Cassy Remix)
Fleet Foxes,Drops In The River
Fleet Foxes,Sun Giant
Fleet Foxes,Oliver James
Fleet Foxes,Blue Ridge Mountains
Fleet Foxes,Meadowlarks
Fleet Foxes,Your Protector
Fleet Foxes,Heard Them Stirring
Fleet Foxes,He Doesn'T Know Why
Fleet Foxes,Oliver James
Fleet Foxes,Blue Ridge Mountains
Fleet Foxes,Meadowlarks
Fleet Foxes,Your Protector
Fleet Foxes,Heard Them Stirring
Fleet Foxes,He Doesn'T Know Why
Fleet Foxes,Drops In The River
Fleet Foxes,Sun Giant
Fleet Foxes,Oliver James
Fleet Foxes,Blue Ridge Mountains
Us3,From The Streets
Us3,You Already Know
Us3,Can U Feel It?
Us3,Life Love Music
Us3,Gotta Get Ot Of Here
Coney Island Sound,The Lemonade Song
Coney Island Sound,Introducing Mr Kellogg
Coney Island Sound,The Lemonade Song
Coney Island Sound,Introducing Mr Kellogg
Coney Island Sound,The Lemonade Song
Coney Island Sound,Introducing Mr Kellogg
Agustin Pereyra Lucena,Luna Clara
Agustin Pereyra Lucena,De Agua Y Viento
Agustin Pereyra Lucena,Pisadas En El Mar
Agustin Pereyra Lucena,Bossa Cuasi Nova
Agustin Pereyra Lucena,Verbo Amar
4Hero,Conceptions
4Hero,Ebisu Gardens
4Hero,Holograms (Feat. Azymuth)
4Hero,Universal Reprise
4Hero,Wishful Thinking
4Hero,Star Chasers
4Hero,The Action (Feat. Ish Aka 'Butterfly')
4Hero,Spirits In Transit
4Hero,Cosmic Tree
4Hero,Escape That
4Hero,Third Stream
4Hero,Planeteria (A Theme From A Dream)
4Hero,Golden Age Of Life
4Hero,Loveless (Feat. Ursula Rucker)
4Hero,Les Fleur
4Hero,2-Bs-74638
4Hero,Twelve Tribes (Feat. Mark Murphy)
4Hero,Eight
4Hero,Ways Of Thought
4Hero,Something Nothing
4Hero,Unique (Feat. Patricia Marxx)
4Hero,Hold It Down
4Hero,Another Day (Feat. Jill Scott)
4Hero,Twothesme
4Hero,Golden Solitude
4Hero,Time (Feat. Ursula Rucker)
4Hero,Conceptions
Shugo Tokumaru,Metrion
Shugo Tokumaru,Vista
Shugo Tokumaru,Kiiro
Shugo Tokumaru,Karte
Shugo Tokumaru,Mizukagami
Shugo Tokumaru,Mushina
Shugo Tokumaru,Mist
Shugo Tokumaru,5 A.M
Shugo Tokumaru,Amayadori
Shugo Tokumaru,Yukinohaka
Shugo Tokumaru,Metrion
Shugo Tokumaru,Vista
Shugo Tokumaru,Kiiro
Shugo Tokumaru,Karte
Shugo Tokumaru,Mizukagami
Shugo Tokumaru,Mushina
Shugo Tokumaru,Such A Color
Shugo Tokumaru,5 A.M
Shugo Tokumaru,Amayadori
Shugo Tokumaru,Yukinohaka
Shugo Tokumaru,Metrion
Shugo Tokumaru,Vista
Shugo Tokumaru,Kiiro
Shugo Tokumaru,Karte
Shugo Tokumaru,Mizukagami
Shugo Tokumaru,Mushina
Shugo Tokumaru,Kiiro
Shugo Tokumaru,Karte
Shugo Tokumaru,Mizukagami
Shugo Tokumaru,Mushina
Shugo Tokumaru,Mist
Shugo Tokumaru,Metrion
Shugo Tokumaru,Vista
Shugo Tokumaru,Kiiro
Shugo Tokumaru,Karte
Shugo Tokumaru,Mizukagami
Shugo Tokumaru,Mushina
Shugo Tokumaru,Mist
Shugo Tokumaru,5 A.M
Shugo Tokumaru,Amayadori
Shugo Tokumaru,Yukinohaka
Shugo Tokumaru,Metrion
Shugo Tokumaru,Vista
Shugo Tokumaru,Kiiro
Shugo Tokumaru,Karte
Shugo Tokumaru,Mizukagami
Shugo Tokumaru,Mushina
Shugo Tokumaru,Mist
Shugo Tokumaru,5 A.M
Shugo Tokumaru,Amayadori
Shugo Tokumaru,Yukinohaka
Shugo Tokumaru,Metrion
Shugo Tokumaru,Vista
Shugo Tokumaru,Kiiro
Shugo Tokumaru,Karte
Shugo Tokumaru,5 A.M
Shugo Tokumaru,Amayadori
Shugo Tokumaru,Yukinohaka
Shugo Tokumaru,Metrion
Shugo Tokumaru,Kiiro
Shugo Tokumaru,Karte
Minilogue,Stations Ii
Minilogue,Stations I
Minilogue,In The Shade Of The Sun
Minilogue,Swamp Op
Minilogue,Six Arms And One Leg
Minilogue,City Lights
Minilogue,Windows
Minilogue,Old Water
Minilogue,Animals
Minilogue,In A Distance
Minilogue,Animals
Us3,From The Streets
Us3,You Already Know
Us3,Can U Feel It?
Us3,Life Love Music
Daz-I-Kue,Come With Me (J-Boogie Remix)
Dorian Concept,Clap Beep Boom
Dorian Concept,Clap Beep Boom
Soulphiction,Sloburn (Exclusive!!)
Christian Prommer'S Drumlesson,Rudiments
Agustin Pereyra Lucena,Verbo Amar
The Black Dog,The Weight [Liposuction Mix]/Liposuction Mix
Agustin Pereyra Lucena,Bossa Cuasi Nova
Agustin Pereyra Lucena,Verbo Amar
Agustin Pereyra Lucena,Vem Viver
Agustin Pereyra Lucena,Planicie (El Llano)
Agustin Pereyra Lucena,Por Eles
Agustin Pereyra Lucena,Transparente
Agustin Pereyra Lucena,Picaron
Agustin Pereyra Lucena,Luna Clara
Agustin Pereyra Lucena,De Agua Y Viento
Agustin Pereyra Lucena,Pisadas En El Mar
Agustin Pereyra Lucena,Bossa Cuasi Nova
Agustin Pereyra Lucena,Verbo Amar
Agustin Pereyra Lucena,Vem Viver
Agustin Pereyra Lucena,Planicie (El Llano)
Agustin Pereyra Lucena,Por Eles
Agustin Pereyra Lucena,Transparente
Agustin Pereyra Lucena,Picaron
Agustin Pereyra Lucena,Luna Clara
Agustin Pereyra Lucena,De Agua Y Viento
Agustin Pereyra Lucena,Pisadas En El Mar
Agustin Pereyra Lucena,Bossa Cuasi Nova
Agustin Pereyra Lucena,Verbo Amar
Agustin Pereyra Lucena,Vem Viver
Agustin Pereyra Lucena,Planicie (El Llano)
Agustin Pereyra Lucena,Por Eles
Agustin Pereyra Lucena,Transparente
Agustin Pereyra Lucena,Picaron
Agustin Pereyra Lucena,Luna Clara
Agustin Pereyra Lucena,De Agua Y Viento
Agustin Pereyra Lucena,Pisadas En El Mar
Agustin Pereyra Lucena,Bossa Cuasi Nova
Agustin Pereyra Lucena,Verbo Amar
Coney Island Sound,Introducing Mr Kellogg
Coney Island Sound,The Lemonade Song
Coney Island Sound,Introducing Mr Kellogg
Minilogue,We All
Christian Prommer'S Drumlesson,Rudiments
Pharoah Roche,Drifting Away (Extended Version)
Stee Downes,Asunder
Christian Prommer'S Drumlesson,Beau Mot Plage
Markus Enochson,Take Me Away (Feat. Cornella) (Eva Be Extended Remix)
Daz-I-Kue,Come With Me (J-Boogie Remix)
Sonar Kollektiv Orchester,Somebody New Feat. Georg Levin
Stee Downes,Obviously (Lazy Version) – Exclusive!!
Christian Prommer'S Drumlesson,Around The World
Eva Be,She Walks Alone (Feat. Pegah Ferydoni) (Frost & Wagner Dub Remix)
Deyampert,The Sweetest Delusion (Feat. Desney Bailey)
Paul Bryan,Window
Clara Hill'S Folkwaves,Wonderful World (Acoustic Version With Strings)
Sonar Kollektiv Orchester,Africa (Popkomm Version)
Soulphiction,Sloburn (Exclusive!!)
Christian Prommer'S Drumlesson,Rudiments
Pharoah Roche,Drifting Away (Extended Version)
Stee Downes,Asunder
Christian Prommer'S Drumlesson,Beau Mot Plage
Markus Enochson,Take Me Away (Feat. Cornella) (Eva Be Extended Remix)
Daz-I-Kue,Come With Me (J-Boogie Remix)
Deniece Williams,Free
Deniece Williams,Free
Jimpster,Jus' Wanna Feel
Richie Hawtin,The Tunnel
John Matthias,Evermore
The Verve,On Your Own (2004 Digital Remaster)
Radiohead,Jigsaw Falling Into Place
Deadbeat,The Heckler
Jazzanova,So Far From Home
Clark,Ted
Milosh,Couldn'T Sleep
Minilogue,33 000 Honeybees
Minilogue,We All
Minilogue,Loud
Minilogue,Hitchhiker'S Choice
Minilogue,"Cow, Crickets And Clay"
Mj Cole,Tired Games
Minilogue,Jamaica
Minilogue,33 000 Honeybees
Minilogue,We All
Minilogue,Loud
Minilogue,Hitchhiker'S Choice
Minilogue,"Cow, Crickets And Clay"
Minilogue,Yesterday Bells
Minilogue,Swamp Op
Minilogue,Six Arms And One Leg
Minilogue,City Lights
Minilogue,Windows
Minilogue,Old Water
Minilogue,In A Distance
Minilogue,Animals
Us3,Turn It Up
Us3,Keep Movin'
Us3,The Love Of My Life
Us3,Don'T Waste Your Life
Us3,The Future Ain'T What It Once Was (Feat. Sene)
Us3,B-Boys
Us3,Who Got Next?
Us3,From The Streets
Us3,You Already Know
Us3,Can U Feel It?
Us3,Life Love Music
Us3,She'S With Me
Us3,I Let 'Em Know
Us3,Got To Make A Livin' (Feat. Sene)
Us3,Turn It Up
Us3,Keep Movin'
Us3,The Love Of My Life
Us3,Don'T Waste Your Life
Us3,The Future Ain'T What It Once Was (Feat. Sene)
Us3,B-Boys
Us3,Who Got Next?
Us3,From The Streets
Us3,You Already Know
Us3,Can U Feel It?
Us3,Life Love Music
Us3,Gotta Get Ot Of Here
Lou Donaldson,Blues Walk
Lady Alma,Running For Nothing [(Vocal)]/(Vocal)
Us3,You Can'T Hold Me Down
Us3,Get Out
Lady Alma,Running For Nothing [(Vocal)]/(Vocal)
